Product ID,Product Category
18702,Mens
45156,Womens
87467,Mens
90575,Womens
64318,Mens
63577,Womens
17207,Mens
92758,Womens
11604,Mens
85880,Womens
64975,Mens
21208,Mens
49710,Womens
62912,Mens
99436,Mens
33545,Mens
66947,Womens
26185,Mens
95022,Womens
70782,Mens
87150,Mens
33271,Womens
58191,Womens
94992,Mens
49291,Mens
98449,Mens
64848,Mens
43919,Womens
24488,Womens
60444,Mens
77647,Womens
86697,Mens
88257,Womens
18673,Mens
38409,Mens
88373,Mens
18221,Mens
60452,Womens
87992,Womens
22268,Mens
20474,Mens
16420,Mens
40629,Womens
75295,Womens
76739,Mens
42785,Womens
13901,Mens
79934,Womens
33939,Womens
11976,Mens
75451,Mens
26378,Womens
19955,Mens
21985,Mens
83646,Womens
69214,Mens
31325,Mens
47946,Mens
27454,Mens
63359,Womens
16728,Womens
17397,Mens
42703,Mens
97150,Mens
72418,Womens
23809,Womens
79129,Mens
90150,Mens
46343,Mens
31148,Mens
54138,Womens
30215,Mens
65099,Mens
40310,Mens
75080,Mens
73927,Womens
46669,Mens
69272,Womens
89380,Mens
50733,Mens
21867,Mens
90895,Womens
29066,Mens
86450,Womens
58425,Womens
71849,Womens
34023,Womens
90342,Womens
33999,Mens
91666,Womens
79594,Mens
43942,Mens
52901,Mens
68746,Womens
15662,Mens
56249,Womens
25361,Mens
59348,Mens
15930,Mens
28005,Mens
36712,Mens
69246,Womens
51994,Womens
99168,Mens
42247,Womens
44027,Mens
37947,Womens
50055,Mens
11553,Womens
98061,Womens
26569,Mens
79455,Mens
61866,Womens
33310,Womens
62091,Womens
14929,Mens
89074,Womens
49647,Mens
87073,Mens
17301,Mens
83001,Womens
19697,Mens
65053,Womens
69542,Mens
69988,Mens
88538,Mens
19786,Womens
89794,Mens
93218,Mens
97322,Womens
72372,Mens
13493,Womens
57695,Womens
70968,Womens
41989,Mens
85124,Womens
27734,Mens
14368,Mens
43668,Womens
49946,Mens
53098,Womens
17407,Mens
84023,Mens
44196,Womens
25044,Womens
42495,Womens
77641,Mens
34155,Womens
50384,Womens
30165,Womens
79297,Mens
74819,Womens
68602,Womens
21371,Womens
75355,Mens
93430,Womens
80584,Womens
39215,Mens
59472,Womens
50026,Womens
38047,Mens
32524,Womens
45437,Womens
45164,Womens
73366,Womens
72532,Mens
43226,Womens
62405,Mens
41537,Mens
25746,Mens
33825,Womens
13523,Mens
99789,Mens
38068,Mens
25585,Womens
33214,Womens
72887,Womens
96701,Mens
63711,Womens
39206,Womens
71111,Mens
94570,Mens
78389,Mens
36945,Mens
95910,Womens
39420,Womens
91375,Mens
68347,Womens
88855,Womens
56480,Mens
88231,Womens
43984,Mens
78346,Mens
49136,Womens
87810,Womens
21198,Womens
35074,Mens
33240,Womens
73531,Mens
96616,Mens
20824,Mens
69387,Mens
86441,Womens
70808,Mens
83311,Mens
22432,Mens
33704,Womens
79483,Mens
95354,Mens
45874,Mens
47110,Mens
40034,Womens
72337,Womens
99228,Womens
98088,Mens
91002,Womens
16025,Womens
38920,Mens
97687,Mens
69536,Mens
27263,Womens
38974,Womens
31672,Womens
74405,Womens
35787,Womens
52910,Womens
55987,Mens
54830,Womens
64189,Womens
50827,Mens
35241,Mens
26362,Mens
67409,Mens
79263,Womens
39676,Mens
53161,Mens
29564,Womens
62650,Womens
12454,Mens
71069,Mens
94396,Womens
59437,Womens
41100,Womens
93875,Womens
20393,Mens
36332,Mens
83875,Womens
61120,Mens
28562,Mens
34475,Womens
44665,Mens
62071,Mens
87476,Womens
51311,Mens
44685,Womens
33385,Womens
28484,Womens
11167,Mens
39326,Womens
83627,Womens
29001,Womens
90835,Mens
36443,Mens
62453,Womens
77145,Womens
61293,Womens
91366,Womens
33920,Womens
42960,Mens
90495,Mens
70386,Womens
22090,Womens
71012,Mens
48372,Mens
19763,Mens
40332,Mens
92310,Womens
87742,Mens
75186,Womens
75027,Mens
56879,Womens
97441,Womens
64326,Womens
83884,Mens
43804,Womens
16332,Womens
24458,Womens
54482,Womens
38185,Mens
80362,Womens
16991,Womens
53586,Mens
32011,Womens
31162,Mens
80002,Mens
75274,Mens
90172,Womens
82311,Womens
19020,Mens
33724,Mens
34949,Mens
49014,Womens
72662,Womens
11268,Womens
89109,Womens
48183,Mens
22795,Mens
60409,Mens
32470,Mens
50514,Mens
98685,Mens
17025,Womens
99260,Womens
42082,Mens
93395,Mens
41289,Mens
95131,Womens
86054,Mens
30916,Mens
79389,Mens
63438,Mens
80283,Mens
29524,Mens
58466,Womens
26890,Womens
11583,Womens
32774,Mens
11223,Mens
27748,Mens
26609,Womens
71022,Womens
78566,Womens
49595,Mens
12207,Mens
20829,Womens
12570,Womens
38036,Womens
74959,Womens
74003,Womens
67786,Womens
40294,Womens
88877,Mens
73551,Womens
82309,Womens
93642,Womens
70419,Mens
88845,Mens
15718,Womens
99999,Womens
96796,Mens
53639,Womens
46651,Womens
62419,Mens
89250,Womens
53193,Womens
50629,Mens
95312,Womens
48004,Womens
29538,Mens
67358,Womens
82217,Mens
74377,Mens
34558,Womens
94952,Womens
70976,Womens
52462,Womens
90176,Womens
74569,Womens
39715,Mens
51955,Womens
84444,Womens
79684,Mens
50377,Mens
82606,Mens
46593,Mens
87133,Mens
10076,Womens
68200,Mens
55060,Womens
21973,Womens
65464,Mens
75194,Womens
87568,Womens
62286,Mens
48188,Womens
81937,Womens
74707,Mens
46516,Womens
59717,Mens
51189,Mens
34603,Mens
95850,Mens
39653,Mens
76415,Womens
67511,Mens
78693,Womens
10739,Mens
58400,Womens
57018,Womens
49601,Womens
99223,Mens
74373,Womens
66796,Womens
77880,Mens
58269,Womens
48769,Womens
98781,Mens
76527,Womens
35708,Mens
27321,Womens
27578,Womens
19604,Womens
51210,Womens
89868,Mens
24608,Mens
73659,Womens
35791,Mens
42164,Womens
50991,Womens
30113,Mens
45189,Mens
33363,Womens
89084,Womens
13153,Mens
98396,Womens
78784,Womens
22790,Womens
84272,Mens
30839,Womens
15530,Womens
78934,Mens
33082,Womens
98140,Mens
22393,Mens
39938,Mens
44461,Womens
69798,Mens
67563,Womens
88814,Mens
72804,Mens
81603,Womens
45905,Womens
34878,Womens
27994,Womens
35248,Womens
85919,Womens
48839,Womens
19573,Mens
82366,Mens
19182,Mens
35345,Womens
49823,Mens
42913,Womens
49120,Womens
97852,Womens
37384,Womens
71465,Womens
22053,Mens
67652,Womens
91895,Mens
20132,Mens
49438,Womens
93516,Womens
87034,Womens
13109,Mens
82997,Mens
99574,Womens
54611,Womens
21171,Womens
69197,Womens
63599,Womens
53874,Mens
58931,Mens
93588,Womens
57422,Mens
33409,Mens
95580,Womens
73653,Womens
24509,Womens
99455,Womens
47910,Womens
26514,Womens
51522,Womens
96706,Mens
59680,Mens
21424,Mens
29969,Womens
42935,Mens
60105,Mens
16724,Mens
44537,Womens
85887,Mens
40226,Womens
69753,Mens
40066,Womens
45367,Womens
23888,Womens
77231,Womens
77505,Mens
10255,Mens
92594,Mens
87825,Mens
83443,Mens
94117,Womens
67857,Womens
47675,Mens
88008,Mens
18254,Mens
83473,Womens
83896,Womens
78057,Mens
13590,Mens
43470,Mens
95618,Mens
45728,Womens
74710,Womens
69949,Womens
27707,Womens
43528,Womens
36850,Womens
10228,Womens
50770,Womens
21404,Womens
10016,Womens
52335,Womens
26944,Womens
41899,Womens
53707,Womens
45782,Womens
26491,Mens
35805,Mens
69235,Womens
61562,Mens
44170,Womens
85518,Womens
14907,Mens
14413,Mens
60461,Mens
72158,Mens
74152,Womens
94628,Mens
80432,Mens
22732,Womens
35992,Mens
33423,Mens
78369,Mens
94966,Mens
67859,Mens
24152,Womens
30404,Mens
49961,Mens
59471,Mens
91070,Womens
70080,Womens
22673,Mens
97593,Mens
67006,Mens
13834,Womens
42876,Mens
99977,Womens
34415,Mens
48272,Mens
59057,Mens
44494,Mens
53370,Mens
44526,Womens
46815,Womens
74067,Womens
28287,Womens
82653,Mens
98278,Womens
63303,Mens
52333,Womens
44938,Womens
67170,Mens
14604,Mens
25818,Mens
23603,Mens
31090,Mens
73028,Womens
51823,Womens
11597,Mens
68521,Womens
73800,Mens
14295,Mens
63405,Mens
75123,Mens
96606,Womens
53478,Womens
12397,Mens
58757,Mens
63601,Womens
72673,Womens
31316,Womens
57451,Mens
74338,Womens
84568,Womens
85892,Mens
95916,Mens
91208,Mens
16123,Mens
12606,Mens
81984,Mens
54056,Womens
71903,Mens
99350,Womens
27916,Mens
50749,Mens
73952,Mens
26112,Mens
28913,Womens
82500,Womens
33369,Womens
99388,Womens
11489,Womens
14710,Womens
84461,Mens
27313,Womens
92510,Mens
21382,Mens
61296,Womens
65371,Womens
83368,Womens
20567,Womens
47027,Mens
81195,Mens
17217,Mens
78119,Mens
80985,Womens
71405,Mens
77848,Womens
80435,Womens
30366,Womens
92300,Womens
52334,Womens
57283,Womens
32409,Womens
92301,Womens
71269,Mens
86240,Womens
69811,Mens
44432,Womens
26202,Womens
87674,Womens
60661,Mens
90804,Womens
55067,Mens
59112,Womens
24638,Mens
49634,Womens
58866,Womens
73076,Mens
85894,Mens
42945,Mens
81422,Mens
57034,Womens
33931,Mens
24446,Womens
37916,Womens
84180,Mens
12919,Mens
88792,Mens
34125,Womens
11335,Mens
83647,Mens
90740,Womens
40451,Womens
68316,Womens
62529,Mens
67760,Mens
41953,Womens
53273,Womens
31192,Womens
94487,Mens
40232,Mens
60228,Womens
83827,Mens
91972,Womens
64129,Womens
53955,Mens
73968,Womens
48862,Womens
66978,Womens
70158,Mens
86265,Womens
24511,Mens
39625,Mens
93336,Mens
99503,Womens
82770,Mens
93515,Mens
91157,Womens
73494,Womens
31694,Womens
99345,Womens
19231,Mens
78763,Womens
59206,Mens
89299,Womens
90786,Womens
40926,Womens
73972,Mens
18955,Womens
73933,Mens
35052,Mens
94176,Mens
65522,Womens
77457,Womens
91753,Mens
87167,Womens
36549,Mens
32944,Womens
63978,Mens
99852,Womens
95614,Womens
15856,Mens
75956,Womens
92696,Womens
14229,Womens
37212,Womens
91760,Mens
74068,Mens
79973,Mens
62004,Womens
70634,Womens
44924,Mens
27890,Womens
43379,Mens
46483,Mens
21437,Mens
82028,Womens
27493,Mens
41074,Mens
63725,Womens
10162,Womens
86174,Mens
58800,Womens
42293,Mens
99408,Mens
13674,Mens
65848,Mens
58462,Womens
59258,Womens
18585,Mens
98794,Mens
76718,Womens
46788,Mens
57133,Womens
45028,Mens
68495,Womens
70792,Mens
82757,Womens
89186,Womens
10974,Womens
82063,Womens
59555,Womens
84355,Womens
73644,Womens
29367,Womens
42789,Mens
59436,Mens
93756,Mens
67209,Womens
73989,Womens
16286,Mens
80631,Mens
57558,Mens
62230,Womens
55314,Mens
81941,Womens
67505,Womens
27927,Womens
27175,Mens
24234,Mens
17219,Womens
65090,Mens
20380,Womens
83805,Womens
40891,Mens
27773,Mens
65536,Womens
66619,Womens
58352,Mens
46693,Mens
11535,Womens
28927,Womens
77863,Mens
60050,Mens
79692,Womens
60135,Womens
77070,Womens
69822,Mens
39296,Mens
32540,Mens
51011,Womens
81948,Mens
71258,Womens
64994,Womens
39079,Womens
66969,Mens
67661,Womens
87546,Mens
36384,Mens
62694,Mens
31837,Womens
63426,Womens
17557,Womens
62808,Womens
80146,Mens
27409,Womens
35373,Womens
65330,Womens
44194,Womens
19488,Mens
69039,Mens
10260,Mens
92946,Mens
95473,Womens
85017,Mens
60220,Womens
39393,Mens
58814,Womens
56454,Mens
67351,Womens
19831,Womens
68154,Womens
21677,Mens
41700,Mens
83414,Womens
21519,Womens
26994,Womens
14248,Womens
75637,Womens
53213,Womens
14509,Womens
57506,Womens
11755,Mens
90387,Mens
75569,Mens
69998,Mens
46084,Mens
88830,Mens
37137,Mens
39391,Womens
20257,Mens
23627,Womens
87684,Mens
20684,Mens
28048,Mens
64082,Womens
53016,Mens
44517,Womens
55202,Womens
34584,Womens
69946,Womens
81365,Womens
32517,Womens
85775,Mens
63131,Mens
22152,Womens
42489,Womens
73869,Womens
94997,Womens
24945,Mens
17548,Mens
35160,Mens
24764,Mens
10442,Womens
32610,Womens
91254,Womens
83008,Womens
36211,Womens
22342,Mens
24168,Womens
67325,Mens
28391,Mens
14473,Womens
77546,Mens
39585,Womens
83136,Mens
33428,Womens
80512,Mens
55899,Womens
31881,Mens
61288,Mens
26371,Mens
42450,Womens
52915,Mens
93239,Womens
66089,Mens
61800,Mens
78416,Womens
98824,Womens
79403,Mens
85488,Mens
77467,Womens
44004,Womens
34237,Womens
47070,Mens
69748,Mens
41326,Womens
21000,Mens
84916,Mens
19298,Mens
50252,Womens
46369,Womens
76903,Womens
23222,Mens
36572,Womens
88638,Mens
23405,Womens
53459,Womens
89281,Mens
81091,Womens
89042,Mens
49991,Mens
86007,Womens
60043,Womens
90962,Mens
61275,Womens
29283,Womens
16187,Womens
84718,Mens
65347,Womens
53306,Mens
69969,Womens
87814,Mens
18989,Mens
31466,Womens
62479,Womens
14782,Mens
35604,Womens
13736,Mens
56017,Mens
87606,Mens
12623,Womens
18731,Womens
19312,Womens
11940,Mens
64330,Mens
30094,Womens
17962,Mens
68920,Womens
65544,Mens
81863,Mens
40070,Mens
85816,Mens
57834,Mens
52824,Mens
98882,Mens
75030,Mens
88742,Womens
90940,Mens
57568,Womens
48605,Mens
53544,Mens
41793,Mens
92331,Womens
54539,Womens
94136,Mens
76808,Womens
25432,Mens
13543,Mens
99131,Mens
24503,Mens
57078,Mens
31430,Womens
97806,Mens
29796,Womens
29467,Womens
10681,Womens
68633,Womens
31067,Mens
73053,Mens
50135,Womens
90233,Womens
86056,Womens
70725,Mens
81188,Womens
43915,Mens
46934,Mens
34594,Mens
71082,Mens
35187,Mens
45851,Womens
80195,Womens
64253,Mens
72134,Mens
70558,Womens
65456,Mens
89831,Mens
43582,Womens
63430,Mens
87538,Mens
68323,Womens
75333,Mens
89120,Mens
22151,Womens
50675,Womens
33758,Womens
60188,Mens
59311,Womens
82026,Mens
90517,Mens
64411,Womens
49064,Mens
40441,Mens
76486,Womens
22226,Mens
40974,Womens
82900,Womens
97603,Mens
49380,Womens
89358,Mens
21465,Mens
55947,Womens
33964,Mens
77336,Mens
55530,Womens
63791,Mens
39734,Mens
95281,Womens
89298,Mens
11256,Womens
80939,Womens
82541,Womens
33535,Mens
90944,Womens
99119,Womens
57483,Womens
83168,Womens
64061,Womens
91218,Mens
83630,Mens
19616,Mens
55216,Mens
66924,Womens
83348,Mens
37563,Womens
42213,Womens
83743,Womens
80455,Womens
66764,Womens
41965,Mens
61650,Mens
92082,Mens
18818,Womens
33579,Womens
59005,Mens
72003,Mens
23517,Womens
40774,Womens
88306,Mens
97348,Mens
71913,Mens
76321,Mens
61262,Womens
94247,Mens
50114,Womens
61698,Womens
92998,Mens
79230,Womens
85619,Womens
42921,Mens
54171,Womens
41845,Mens
29651,Womens
31579,Womens
57702,Mens
25970,Womens
89132,Womens
87426,Womens
20416,Mens
70036,Mens
95531,Womens
94778,Womens
16373,Mens
73270,Mens
81465,Mens
74386,Womens
89601,Mens
13018,Mens
31259,Mens
72813,Womens
52477,Womens
39015,Mens
28421,Womens
35671,Mens
12751,Womens
46402,Womens
92203,Mens
16956,Mens
80665,Mens
75084,Mens
89149,Mens
37518,Womens
41918,Womens
79357,Mens
43816,Womens
89747,Womens
69976,Womens
13746,Womens
59981,Womens
34429,Womens
45880,Womens
79413,Mens
98519,Womens
89447,Womens
18994,Womens
15516,Mens
48064,Womens
45228,Womens
51201,Womens
59823,Mens
16761,Womens
45373,Womens
79098,Mens
72403,Womens
80697,Womens
76323,Womens
13386,Womens
95757,Womens
55705,Womens
44648,Mens
80582,Womens
31753,Womens
84929,Mens
81093,Womens
10423,Mens
85828,Womens
39472,Womens
97243,Womens
13399,Mens
27567,Mens
65337,Mens
33719,Womens
58680,Mens
83954,Mens
92790,Womens
74201,Mens
67065,Mens
74329,Womens
70690,Womens
78555,Mens
48927,Mens
87123,Mens
92861,Womens
20412,Mens
40297,Mens
52750,Mens
25657,Womens
35931,Womens
45606,Mens
28317,Womens
41282,Womens
16861,Womens
54752,Womens
38412,Mens
94201,Womens
76146,Womens
33440,Mens
98810,Womens
38114,Womens
13108,Mens
56021,Mens
29519,Mens
77778,Womens
14520,Mens
21319,Womens
77937,Womens
97982,Womens
49536,Womens
66490,Womens
60026,Womens
81625,Mens
82931,Womens
84985,Mens
73153,Womens
40960,Womens
38598,Womens
81383,Mens
50723,Mens
20027,Womens
32398,Womens
41217,Womens
35964,Mens
75493,Mens
40118,Mens
47561,Womens
87650,Mens
62913,Mens
14741,Mens
15030,Womens
10463,Womens
83673,Womens
42899,Womens
96030,Womens
69505,Womens
10199,Mens
17894,Womens
27445,Womens
68450,Mens
78844,Mens
46610,Mens
90343,Mens
42397,Mens
90030,Mens
78356,Mens
26666,Womens
99035,Mens
11909,Mens
77950,Mens
45979,Womens
96953,Womens
73547,Mens
10126,Womens
15993,Womens
50379,Womens
36223,Womens
50600,Mens
69363,Womens
81499,Mens
49743,Womens
88506,Womens
58035,Womens
29341,Mens
92286,Mens
65780,Mens
34318,Mens
81482,Womens
81263,Mens
79224,Mens
40203,Mens
74609,Womens
88303,Mens
48842,Mens
85662,Mens
32655,Mens
79914,Mens
30099,Mens
40764,Womens
58399,Womens
42623,Mens
90427,Mens
67810,Mens
41439,Womens
32449,Womens
18328,Mens
61729,Womens
49242,Mens
52653,Womens
28879,Mens
15285,Womens
17085,Womens
76479,Womens
51863,Womens
83656,Womens
26219,Mens
28517,Womens
18264,Womens
30604,Mens
70857,Womens
45527,Womens
97347,Womens
93604,Womens
94066,Mens
19283,Womens
56382,Mens
29037,Mens
54075,Mens
59861,Mens
59935,Mens
24219,Womens
22595,Mens
40754,Mens
26000,Mens
19278,Mens
19782,Mens
32022,Mens
74822,Mens
55240,Womens
98023,Womens
75111,Mens
42253,Womens
66899,Mens
54507,Womens
24794,Mens
36200,Womens
73118,Womens
77092,Mens
12474,Mens
27323,Mens
41619,Womens
70134,Mens
82946,Womens
99241,Mens
56893,Womens
61302,Womens
39963,Womens
37415,Mens
50217,Womens
95210,Mens
72448,Mens
62997,Mens
69963,Mens
41001,Mens
97380,Mens
97825,Womens
86741,Womens
79628,Mens
58250,Womens
81411,Mens
92480,Womens
42571,Womens
91600,Womens
67823,Mens
85266,Mens
15043,Womens
40758,Womens
10123,Mens
36080,Mens
60162,Mens
96695,Womens
56580,Mens
98326,Womens
96931,Mens
30438,Womens
39181,Womens
17137,Womens
85597,Mens
75921,Mens
89404,Mens
79719,Mens
63208,Womens
41038,Womens
52504,Womens
26196,Mens
67757,Mens
93116,Womens
65339,Womens
64355,Mens
24507,Womens
90933,Womens
96689,Womens
98826,Womens
88005,Womens
45187,Mens
14060,Mens
96175,Mens
43996,Womens
24411,Womens
61125,Womens
53422,Mens
50428,Mens
87234,Womens
47933,Womens
46133,Womens
72754,Mens
76490,Mens
75745,Mens
32845,Womens
80256,Womens
87283,Mens
73766,Mens
68556,Womens
68360,Mens
28499,Mens
15413,Womens
16831,Womens
38990,Womens
76160,Womens
20939,Mens
45044,Mens
26615,Womens
93738,Womens
36696,Womens
68397,Mens
88074,Womens
86783,Womens
86854,Mens
62743,Womens
49292,Mens
53200,Mens
78087,Womens
15036,Mens
72402,Womens
12699,Mens
31179,Womens
25751,Mens
11448,Womens
99760,Mens
41118,Womens
34406,Womens
80822,Mens
30417,Mens
92352,Mens
20942,Mens
38869,Womens
75995,Womens
64683,Mens
62874,Womens
30250,Mens
14991,Womens
86982,Womens
42372,Womens
19307,Womens
51383,Womens
25771,Mens
58433,Womens
40004,Womens
24648,Womens
12666,Womens
47803,Mens
78103,Mens
66106,Womens
68851,Womens
99109,Mens
72870,Womens
23050,Womens
76131,Mens
72092,Womens
13053,Womens
63590,Mens
69908,Womens
35519,Womens
24687,Womens
45079,Womens
23642,Mens
94384,Mens
29064,Mens
23676,Mens
75363,Mens
88430,Womens
31210,Mens
92405,Mens
90623,Mens
87260,Womens
62252,Womens
57199,Mens
33041,Womens
30574,Mens
78999,Mens
77602,Womens
65552,Mens
94287,Womens
94879,Womens
90891,Womens
76331,Mens
75022,Womens
10817,Mens
37069,Mens
36131,Mens
52431,Mens
20789,Womens
48812,Mens
89811,Womens
86779,Womens
14772,Mens
81508,Womens
77016,Mens
28957,Womens
39483,Mens
93720,Mens
67339,Mens
97094,Mens
37426,Mens
50081,Mens
26586,Womens
82124,Mens
21984,Mens
57166,Mens
78825,Mens
71156,Womens
49588,Womens
92783,Womens
46462,Womens
81167,Womens
60266,Mens
19461,Womens
44157,Mens
14014,Mens
15131,Mens
30227,Womens
40838,Womens
24100,Womens
78574,Womens
44898,Mens
48320,Womens
43450,Mens
12944,Mens
62613,Mens
14459,Womens
54648,Womens
90742,Womens
63908,Womens
34753,Mens
22040,Mens
97824,Womens
89959,Mens
13720,Womens
70673,Mens
97365,Womens
72502,Mens
99150,Womens
56302,Womens
83275,Mens
66081,Womens
35723,Mens
10381,Mens
43626,Womens
11053,Mens
15286,Womens
92149,Womens
76379,Womens
66611,Mens
87373,Mens
71331,Womens
38347,Womens
33897,Womens
26296,Womens
52290,Mens
94362,Womens
24144,Womens
39147,Womens
95823,Womens
40205,Mens
41910,Womens
97519,Mens
24822,Mens
21505,Mens
59411,Mens
92193,Womens
65620,Womens
39104,Mens
52207,Mens
26916,Womens
99395,Womens
68348,Mens
47184,Womens
25379,Womens
41868,Mens
85882,Womens
99522,Womens
67037,Womens
64650,Mens
37716,Womens
73032,Womens
46981,Womens
26734,Mens
12682,Womens
12562,Womens
37842,Mens
70452,Womens
35023,Womens
64876,Womens
67776,Womens
23146,Mens
42488,Womens
70185,Womens
99077,Womens
14083,Womens
26981,Mens
36969,Womens
54904,Mens
36664,Mens
19083,Mens
48838,Mens
29846,Womens
59676,Womens
45002,Mens
99960,Mens
86704,Mens
34565,Womens
94198,Womens
25532,Womens
82816,Womens
68604,Mens
46770,Womens
76351,Womens
86606,Mens
14024,Mens
29492,Mens
17631,Womens
55640,Womens
86602,Womens
72733,Womens
64334,Womens
60087,Mens
44795,Mens
76620,Mens
28636,Mens
58572,Womens
81541,Mens
16646,Mens
32714,Mens
79323,Mens
25107,Womens
32215,Womens
66145,Mens
99450,Mens
91836,Mens
97298,Mens
43321,Womens
16603,Mens
58200,Womens
39167,Womens
96103,Mens
84851,Womens
20222,Womens
79164,Womens
48318,Mens
70892,Womens
23757,Mens
52760,Mens
56448,Mens
54913,Mens
56926,Womens
59060,Womens
53901,Mens
64862,Womens
83978,Mens
79968,Mens
37188,Mens
34561,Mens
98458,Womens
10684,Womens
33805,Womens
26203,Mens
67695,Mens
48944,Mens
41808,Womens
70482,Womens
72440,Mens
72212,Womens
45591,Womens
25164,Mens
10580,Mens
91885,Mens
24561,Mens
75241,Mens
32452,Womens
17078,Mens
32636,Womens
39977,Mens
67866,Mens
44964,Mens
19302,Womens
95832,Womens
77265,Mens
51769,Womens
33855,Womens
36537,Mens
14387,Womens
85710,Womens
85670,Mens
80331,Womens
32217,Mens
29517,Womens
52564,Womens
53361,Womens
35148,Womens
87720,Mens
76304,Mens
56742,Womens
62152,Mens
26780,Mens
25156,Womens
91659,Womens
21244,Womens
21920,Womens
95709,Womens
54238,Womens
92425,Womens
17343,Womens
47307,Womens
77121,Mens
96778,Womens
37424,Womens
98436,Womens
13166,Womens
45499,Womens
85267,Mens
48080,Womens
74022,Womens
51698,Womens
17086,Mens
50594,Womens
42563,Mens
26087,Womens
33416,Womens
91005,Womens
50240,Mens
34238,Mens
90820,Womens
79277,Mens
32311,Mens
93255,Womens
21908,Womens
80511,Mens
67889,Mens
50132,Womens
39338,Womens
25815,Womens
90774,Mens
87252,Mens
93847,Womens
29921,Mens
46006,Womens
16256,Womens
63634,Mens
46106,Mens
74655,Mens
14663,Mens
61005,Mens
55268,Womens
88381,Mens
43473,Mens
45587,Mens
52050,Womens
29320,Mens
90070,Mens
17001,Mens
44834,Mens
12145,Womens
83979,Womens
83297,Mens
64219,Womens
51923,Womens
54661,Womens
36154,Mens
59886,Womens
15063,Womens
40665,Womens
57601,Womens
33962,Womens
52113,Mens
31336,Mens
51722,Mens
38405,Womens
93073,Mens
70298,Mens
38921,Mens
15892,Mens
53922,Mens
20923,Mens
98323,Mens
81313,Womens
91729,Womens
50141,Womens
71526,Womens
75791,Mens
47860,Womens
78545,Womens
96626,Womens
92365,Mens
99746,Womens
23076,Mens
90624,Womens
94305,Womens
26898,Mens
87212,Womens
53650,Womens
42023,Mens
47727,Womens
48311,Mens
22692,Mens
59082,Mens
53925,Womens
77207,Womens
25883,Womens
33679,Mens
79495,Mens
79199,Mens
94792,Mens
53122,Womens
76698,Womens
81440,Womens
85750,Mens
50004,Mens
55058,Womens
81574,Womens
49126,Mens
74190,Womens
88834,Womens
23498,Mens
18295,Mens
29113,Womens
29976,Womens
56069,Womens
83117,Mens
55724,Womens
27447,Womens
91955,Mens
59877,Womens
83208,Mens
41131,Mens
94532,Mens
66714,Womens
29849,Mens
77772,Womens
47484,Womens
48128,Womens
10367,Mens
90311,Womens
44338,Womens
11998,Mens
94106,Womens
26013,Womens
70283,Mens
80485,Mens
51104,Womens
72245,Mens
92408,Womens
78509,Womens
73821,Mens
42336,Mens
97255,Mens
97361,Mens
68864,Womens
86185,Womens
55311,Mens
88141,Mens
75017,Womens
93681,Womens
78306,Mens
55101,Mens
12281,Mens
72576,Mens
56037,Mens
83824,Womens
51256,Womens
